{
  "accuracy": 0.9672,
  "precision": 0.9847601972209772,
  "recall": 0.9441340782122905,
  "f1": 0.9640193067134708,
  "roc_auc": 0.9956353392107582
}