{
  "accuracy": 0.965,
  "precision": 0.9719298245614035,
  "recall": 0.9522990975504942,
  "f1": 0.9620143260256132,
  "roc_auc": 0.9917025866746536
}