{
  "accuracy": 0.9772727272727273,
  "precision": 1.0,
  "recall": 0.9583333333333334,
  "f1": 0.9787234042553191,
  "roc_auc": 1.0
}